package	version
AnnotationDbi	1.74.0
AnnotationHub	4.2.2
BH	1.90.0-1
Biobase	2.72.0
BiocBaseUtils	1.14.2
BiocFileCache	3.2.0
BiocGenerics	0.58.1
BiocManager	1.30.27
BiocParallel	1.46.0
BiocVersion	3.23.1
Biostrings	2.80.2
ConsensusClusterPlus	1.76.0
DBI	1.3.0
DOSE	4.5.0
DelayedArray	0.38.2
DelayedMatrixStats	1.34.0
ExperimentHub	3.2.2
FNN	1.1.4.1
Formula	1.2-6
GO.db	3.23.1
GOSemSim	2.38.3
GPArotation	2026.8-2
GenomeInfoDb	1.48.0
GenomicRanges	1.64.0
HDF5Array	1.40.0
Hmisc	5.3-0
IRanges	2.46.0
KEGGREST	1.51.1
MRMix	0.1.0
MRPRESSO	1.0
MVMR	0.4.8
MatrixGenerics	1.24.0
R.methodsS3	1.8.2
R.oo	1.27.1
R.utils	2.13.0
R6	2.6.1
RANN	2.6.3
RColorBrewer	1.1-3
ROCR	1.0-12
RSQLite	3.53.3
RSpectra	0.16-2
RadialMR	1.2.4
Rcpp	1.1.2
RcppAnnoy	0.0.23
RcppArmadillo	15.6.0-1
RcppEigen	0.3.4.0.2
RcppHNSW	0.7.0
RcppProgress	0.4.2
RcppRoll	0.4.0
RcppTOML	0.2.3
Rhdf5lib	2.0.0
RhpcBLASctl	0.23-42
Rhtslib	3.8.0
Rsamtools	2.28.0
Rtsne	0.17
S4Arrays	1.12.0
S4Vectors	0.50.3
S7	0.2.2
Seqinfo	1.2.0
Seurat	5.5.1
SeuratObject	5.4.0
Signac	1.17.1
SingleCellExperiment	1.34.0
SingleR	2.14.2
SparseArray	1.12.2
SummarizedExperiment	1.42.0
TwoSampleMR	0.7.9
UCSC.utils	1.8.0
V8	8.2.0
WGCNA	1.74
XVector	0.52.0
abind	1.4-8
aisdk	1.4.12
alabaster.base	1.12.1
alabaster.matrix	1.12.0
alabaster.ranges	1.12.0
alabaster.schemas	1.12.0
alabaster.se	1.12.0
ape	5.8-1
aplot	0.3.1
askpass	1.2.1
assorthead	1.6.3
backports	1.5.1
base64enc	0.1-6
beachmat	2.28.0
biocmake	1.4.0
bit	4.6.0
bit64	4.8.6
bitops	1.1-0
blob	1.3.0
brio	1.1.5
bslib	0.12.0
caTools	1.18.4
cachem	1.1.0
callr	3.8.0
celldex	1.22.0
checkmate	2.3.4
cli	3.6.6
cluster	2.1.8.3
clusterProfiler	4.20.0
coloc	5.2.3
colorspace	2.1-3
commonmark	2.0.0
cowplot	1.2.0
cpp11	0.5.5
crayon	1.5.3
crosstalk	1.2.2
curl	8.0.0
data.table	1.18.6.1
dbplyr	2.6.0
deldir	2.0-4
desc	1.4.3
diffobj	0.3.8
digest	0.6.39
dir.expiry	1.20.0
doParallel	1.0.17
dotCall64	1.2
dplyr	1.2.1
dqrng	0.4.1
dynamicTreeCut	1.63-1
e1071	1.7-17
enrichit	0.2.1
enrichplot	1.31.2
evaluate	1.0.5
farver	2.1.2
fastDummies	1.7.6
fastcluster	1.3.0
fastmap	1.2.0
fastmatch	1.1-8
fgsea	1.38.0
filelock	1.0.3
fitdistrplus	1.2-6
fontBitstreamVera	0.1.1
fontLiberation	0.1.0
fontawesome	0.5.3
fontquiver	0.2.1
foreach	1.5.2
formatR	1.14
fs	2.1.0
futile.logger	1.4.9
futile.options	1.0.1
future	1.75.0
future.apply	1.20.2
gdtools	0.5.1
generics	0.1.4
ggforce	0.5.0
ggfun	0.2.1
ggiraph	0.9.6
ggnewscale	0.5.2
ggplot2	4.0.3
ggplotify	0.1.3
ggrepel	0.9.8
ggridges	0.5.7
ggtangle	0.1.2
ggtree	4.2.0
glmnet	5.0
globals	0.19.1
glue	1.8.1
goftest	1.2-3
gplots	3.3.0
gridExtra	2.3.1
gridGraphics	0.5-1
gson	0.2.1
gtable	0.3.6
gtools	3.9.5
gypsum	1.8.0
h5mread	1.4.1
harmony	2.0.5
here	1.0.2
highr	0.12
htmlTable	2.5.0
htmltools	0.5.9
htmlwidgets	1.6.4
httpuv	1.6.17
httr	1.4.9
httr2	1.3.0
ica	1.0-3
ieugwasr	1.1.0
igraph	2.3.3
impute	1.86.0
irlba	2.3.7
isoband	0.3.0
iterators	1.0.14
jquerylib	0.1.4
jsonlite	2.0.0
jsonvalidate	1.5.0
knitr	1.52
labeling	0.4.3
lambda.r	1.2.4
later	1.4.8
lazyeval	0.2.3
lifecycle	1.0.5
limma	3.68.5
listenv	1.0.0
lmtest	0.9-40
magrittr	2.0.5
matrixStats	1.5.0
memoise	2.0.1
mime	0.13
miniUI	0.1.2
mixsqp	0.3-54
mnormt	2.1.2
mvtnorm	1.4-2
openssl	2.4.2
org.Hs.eg.db	3.23.1
otel	0.2.0
parallelly	1.48.0
patchwork	1.3.2
pbapply	1.7-5
pheatmap	1.0.13
pillar	1.11.1
pkgbuild	1.4.8
pkgconfig	2.0.3
pkgload	1.5.3
plotly	4.12.1
plyr	1.8.9
png	0.1-9
polyclip	1.10-7
praise	1.0.0
preprocessCore	1.74.0
processx	3.9.0
progressr	1.0.0
promises	1.5.0
proxy	0.4-29
ps	1.9.3
psych	2.6.5
purrr	1.2.2
qvalue	2.44.0
rappdirs	0.3.4
remotes	2.5.0
reshape	0.8.10
reshape2	1.4.5
reticulate	1.47.0
rhdf5	2.56.1
rhdf5filters	1.24.1
rlang	1.3.0
rmarkdown	2.32
rprojroot	2.1.1
rstudioapi	0.19.0
sass	0.4.10
scales	1.4.0
scattermore	1.2
scatterpie	0.2.6
sctransform	0.4.3
shape	1.4.6.1
shiny	1.14.0
sitmo	2.0.2
snow	0.4-4
sourcetools	0.1.7-2
sp	2.2-3
spam	2.11-4
sparseMatrixStats	1.24.0
spatstat.data	3.1-9
spatstat.explore	3.8-2
spatstat.geom	3.8-2
spatstat.random	3.5-1
spatstat.sparse	3.2-0
spatstat.univar	3.2-0
spatstat.utils	3.2-5
statmod	1.5.2
stringi	1.8.9
stringr	1.6.0
susieR	0.14.2
sys	3.4.3
systemfonts	1.3.2
tensor	1.5.1
testthat	3.3.2
tibble	3.3.1
tidydr	0.0.6
tidyr	1.3.2
tidyselect	1.2.1
tidytree	0.4.8
tinytex	0.60
treeio	1.36.1
tweenr	2.0.3
utf8	1.2.6
uwot	0.2.5
vctrs	0.7.3
viridis	0.6.5
viridisLite	0.4.3
waldo	0.6.2
withr	3.0.3
xfun	0.60
xtable	1.8-8
yaml	2.3.12
yulab.utils	0.2.5
zoo	1.9-0
